{
    "mae": 74.80436857297197,
    "mse": 10723.85938068525,
    "rmse": 103.5560687776687,
    "r2": 0.8247934188756694
}