{
    "mae": 102.11051312331085,
    "mse": 21572.0792016703,
    "rmse": 146.87436536601717,
    "r2": 0.6475550349461576
}