{
    "mae": 101587.70263335422,
    "mse": 27012568729.453876,
    "rmse": 164355.00822747653,
    "r2": 0.7905432563952937
}